,temperature_c,humidity_pct,co2_ppm,yield_kg
temperature_c,1.0,-0.021862272666185914,0.007368204519573617,0.5243959629661226
humidity_pct,-0.021862272666185914,1.0,-0.017902830473952067,0.24241918679692392
co2_ppm,0.007368204519573617,-0.017902830473952067,1.0,-0.26026125100903624
yield_kg,0.5243959629661226,0.24241918679692392,-0.26026125100903624,1.0
